Name,Age,Department,Marks,Attendance
Zoya,21,CSE,94,92
Sara,20,ECE,91,88
Priya,22,IT,88,85
Ahmed,21,CSE,85,90
Fatima,20,ECE,83,79
Kavya,22,IT,81,95
Rahul,21,CSE,79,82
Ali,20,ECE,65,70
Meera,22,IT,76,88
Rohan,21,CSE,58,68
Ananya,20,ECE,89,91
Yusuf,22,IT,72,77
Divya,21,CSE,95,96
Imran,20,ECE,67,73
Sneha,22,IT,80,86
Farhan,21,CSE,55,62
Pooja,20,ECE,84,89
Zainab,22,IT,90,93
Arjun,21,CSE,63,71
Nisha,20,ECE,77,84
Hassan,22,IT,86,90
Riya,21,CSE,92,94
Omar,20,ECE,59,65
Tanvi,22,IT,74,80
Bilal,21,CSE,68,75
Kiran,20,ECE,87,92
Aisha,22,IT,93,97
Vikram,21,CSE,61,69
Sana,20,ECE,78,83
Karthik,22,IT,70,76
