Name,Age,Department,Marks,Attendance,Grade
Zoya,21,CSE,94,92,A
Sara,20,ECE,91,88,A
Priya,22,IT,88,85,B
Ahmed,21,CSE,85,90,B
Fatima,20,ECE,83,79,B
Kavya,22,IT,81,95,B
Rahul,21,CSE,79,82,B
Ali,20,ECE,65,70,C
Meera,22,IT,76,88,B
Rohan,21,CSE,58,68,D
Ananya,20,ECE,89,91,B
Yusuf,22,IT,72,77,C
Divya,21,CSE,95,96,A
Imran,20,ECE,67,73,C
Sneha,22,IT,80,86,B
Farhan,21,CSE,55,62,D
Pooja,20,ECE,84,89,B
Zainab,22,IT,90,93,A
Arjun,21,CSE,63,71,C
Nisha,20,ECE,77,84,B
Hassan,22,IT,86,90,B
Riya,21,CSE,92,94,A
Omar,20,ECE,59,65,D
Tanvi,22,IT,74,80,C
Bilal,21,CSE,68,75,C
Kiran,20,ECE,87,92,B
Aisha,22,IT,93,97,A
Vikram,21,CSE,61,69,C
Sana,20,ECE,78,83,B
Karthik,22,IT,70,76,C
